id,name,age,sex
10001,Yixev Zidep,21,V
10002,Damato Jeqax,25,V
10003,Fuluq Hoqosu Roye,17,B
10004,Hojun Yive,31,Q
10005,Giyuto Mulur Xoxab,26,K
10006,Jotoj Kanu,15,S
10007,Mepite Kuyi,11,K
10008,Beqes Miru Weyape,28,P
10009,Qayo Zataj,39,C
10010,Posoja Natuzu Yulo,17,R
10011,Qokeqo Lofa Laboxe,36,Z
10012,Hetu Nutim,13,U
10013,Hilohi Lojipu,27,X
10014,Mafo Xowoy Jafoy,37,U
10015,Hayuk Hola Pabi,17,H
10016,Doti Vami,15,L
10017,Fahace Tadaxu,14,E
10018,Nufoko Viqafu Yinul,19,B
10019,Ficude Kexewo,27,A
10020,Sifo Ziyuy,33,C
10021,Vetupi Zetoru Yixewu,17,O
10022,Huce Lojoba,29,I
10023,Senu Vefaco Fuqacu,31,I
10024,Pala Vulami,37,F
10025,Seba Hebe Vazax,36,J
10026,Rekofa Qanuyi,22,M
10027,Poqum Riyoda,19,Y
10028,Zowedu Qeyaju,24,R
10029,Yedin Xudo Gopo,35,E
10030,Nofa Lefeki Paqiz,34,M
10031,Xeyud Tazur Vaweq,26,I
10032,Bemi Lijoqe Bebodu,38,O
10033,Vudime Ceju Sazu,38,X
10034,Raven Toros,11,Y
10035,Boxor Dubik Nezif,39,X
10036,Zihay Tahoc Vizap,27,U
10037,Yaqan Rebuda,20,P
10038,Tapam Suzi,21,O
10039,Busa Xisime Yogot,37,X
10040,Nuti Dabe,20,A
10041,Xusami Qeri Moloco,19,L
10042,Mative Pihuvi Kehiqa,10,D
10043,Laqa Qudok,37,H
10044,Cokuj Jemek Boge,16,V
10045,Bazip Guten,21,W
10046,Xogoze Fedaki Hedoje,18,H
10047,Kofip Beveh,16,N
10048,Muma Baneh Teyamo,16,A
10049,Lote Fuxa,20,H
10050,Taza Ziweso Doke,17,T
10051,Sedef Suwo,23,U
10052,Panada Boqeji,25,E
10053,Jina Vivat Hugin,20,K
10054,Mezegi Baneji Jacozo,24,E
10055,Ruceve Botoh Petara,36,P
10056,Zazi Lizaqa,11,E
10057,Huxiw Qudig,11,A
10058,Kuketi Wisuj Wozo,13,X
10059,Pefopo Vuwoxe Laday,33,P
10060,Civari Vafu Tuku,18,D
10061,Wicita Pafuca Fadu,37,W
10062,Jete Tudi,22,W
10063,Vaguk Papuli,27,D
10064,Zewuha Jemum Dayuv,10,D
10065,Wexow Kayag,14,H
10066,Qaqaqe Xiyuwu Mubos,32,Y
10067,Pigo Guropi Witit,24,N
10068,Vuto Dukor Yaqad,31,U
10069,Gesa Cewu,23,B
10070,Kixer Hivova,34,R
10071,Hife Loqewo Hodac,35,L
10072,Vite Rasot,11,C
10073,Nixus Lewale Denep,19,X
10074,Jevewu Zuka Jireki,39,H
10075,Fopi Xasuju Tisut,35,T
10076,Tage Zaniw,24,H
10077,Jawe Jerun Weda,38,V
10078,Vozo Rewu Hojo,35,K
10079,Kifuf Qacuje,26,V
10080,Dope Gelim,24,A
10081,Duga Jojuc,25,Y
10082,Bureji Bapuga,18,W
10083,Yore Pegake Toxefa,23,N
10084,Takil Giken,36,Z
10085,Qacuru Pane Jewep,15,J
10086,Noca Xaxog,31,E
10087,Cisif Kevel,12,J
10088,Lekel Helatu Wobura,25,T
10089,Hehey Lajeta Dobuqo,34,A
10090,Sudol Wiqi Kuvol,20,A
10091,Vuti Gudig Xisab,21,B
10092,Lotolo Toxu,23,L
10093,Zokavo Moli Boya,39,Z
10094,Maxicu Cizok Lisawe,38,Y
10095,Lahe Naqot,31,L
10096,Rudur Zuta Micep,34,Y
10097,Puyoma Qazud,19,N
10098,Jayoqi Kupoha,14,K
10099,Kawevu Tunuvo Yeca,28,E
10100,Gitaxo Zipu Wogu,30,A
10101,Yuxina Nosoy Kifoyo,23,F
10102,Xowow Zices,23,D
10103,Paju Duqoq Saxola,32,A
10104,Xorih Newuz,33,J
10105,Fodeno Yuyus Nowiju,34,H
10106,Miwa Ruzu Cidic,22,T
10107,Zuviq Daci,25,O
10108,Fixe Sela,28,C
10109,Bitam Nofuh,10,N
10110,Qigiyi Mifi Mire,22,S
10111,Rejayi Pazima,21,Y
10112,Pazu Kiqec,37,L
10113,Ganahi Haqa,17,C
10114,Woho Lojod,18,W
10115,Tuve Legan Raned,14,G
10116,Jiza Zeha Xiviw,33,P
10117,Vobuq Zusu,11,P
10118,Lasali Ciqu,14,M
10119,Pojip Cerime,12,L
10120,Rese Peviki,10,V
10121,Baxiq Siqa Zewo,25,K
10122,Ridow Seqiw Cebi,25,A
10123,Zinabo Butuj,36,N
